img_size,map50,map50_95,precision,recall,f1_score
256,0.5514687534294097,0.40880868275452775,0.79508,0.54508,0.646761888729704
