img_size,map50,map50_95,precision,recall,f1_score
640,0.7480028869712072,0.6879571471708241,0.9173,0.64471,0.7572198423825712
