img_size,map50,map50_95,precision,recall,f1_score
512,0.7432174718298324,0.651077391080254,0.84186,0.68803,0.7572112188457993
